block-01-mini-1.webp	Afterglow Storyboard Blocks/Block_1/Frames/AG1.png
block-01-mini-2.webp	Afterglow Storyboard Blocks/Block_1/Frames/AG2.png
block-01-mini-3.webp	Afterglow Storyboard Blocks/Block_1/Frames/AG3.png
block-01-mini-4.webp	Afterglow Storyboard Blocks/Block_1/Frames/AG4.png
block-02-mini-1.webp	Afterglow Storyboard Blocks/Block_2/Frames/AG1.png
block-02-mini-2.webp	Afterglow Storyboard Blocks/Block_2/Frames/AG2.png
block-02-mini-3.webp	Afterglow Storyboard Blocks/Block_2/Frames/AG3.png
block-02-mini-4.webp	Afterglow Storyboard Blocks/Block_2/Frames/AG4.png
block-03-mini-1.webp	Afterglow Storyboard Blocks/Block_3/Frames/AG1.png
block-03-mini-2.webp	Afterglow Storyboard Blocks/Block_3/Frames/AG2.png
block-03-mini-3.webp	Afterglow Storyboard Blocks/Block_3/Frames/AG3.png
block-03-mini-4.webp	Afterglow Storyboard Blocks/Block_3/Frames/AG4.PNG
block-04-mini-1.webp	Afterglow Storyboard Blocks/Block_4/Frames/AG1.PNG
block-04-mini-2.webp	Afterglow Storyboard Blocks/Block_4/Frames/AG2.PNG
block-04-mini-3.webp	Afterglow Storyboard Blocks/Block_4/Frames/AG3.PNG
block-04-mini-4.webp	Afterglow Storyboard Blocks/Block_4/Frames/AG4.PNG
block-05-mini-1.webp	Afterglow Storyboard Blocks/Block_5/Frames/AG1.png
block-05-mini-2.webp	Afterglow Storyboard Blocks/Block_5/Frames/AG2.png
block-05-mini-3.webp	Afterglow Storyboard Blocks/Block_5/Frames/AG3.png
block-05-mini-4.webp	Afterglow Storyboard Blocks/Block_5/Frames/AG4.png
block-06-mini-1.webp	Afterglow Storyboard Blocks/Block_6/Frames/AG1.PNG
block-06-mini-2.webp	Afterglow Storyboard Blocks/Block_6/Frames/AG2.PNG
block-06-mini-3.webp	Afterglow Storyboard Blocks/Block_6/Frames/AG3.PNG
block-06-mini-4.webp	Afterglow Storyboard Blocks/Block_6/Frames/AG4.PNG
block-07-mini-1.webp	Afterglow Storyboard Blocks/Block_7/Frames/AG1.png
block-07-mini-2.webp	Afterglow Storyboard Blocks/Block_7/Frames/AG2.png
block-07-mini-3.webp	Afterglow Storyboard Blocks/Block_7/Frames/AG3.png
block-07-mini-4.webp	Afterglow Storyboard Blocks/Block_7/Frames/AG4.png
block-08-mini-1.webp	Afterglow Storyboard Blocks/Block_8/Frames/AG1.png
block-08-mini-2.webp	Afterglow Storyboard Blocks/Block_8/Frames/AG2.PNG
block-08-mini-3.webp	Afterglow Storyboard Blocks/Block_8/Frames/AG3.PNG
block-08-mini-4.webp	Afterglow Storyboard Blocks/Block_8/Frames/AG4.PNG
block-09-mini-1.webp	Afterglow Storyboard Blocks/Block_9/Frames/AG1.png
block-09-mini-2.webp	Afterglow Storyboard Blocks/Block_9/Frames/AG2.PNG
block-09-mini-3.webp	Afterglow Storyboard Blocks/Block_9/Frames/AG3.PNG
block-09-mini-4.webp	Afterglow Storyboard Blocks/Block_9/Frames/AG4.PNG
block-10-mini-1.webp	Afterglow Storyboard Blocks/Block_10/Frames/AG1.png
block-10-mini-2.webp	Afterglow Storyboard Blocks/Block_10/Frames/AG2.PNG
block-10-mini-3.webp	Afterglow Storyboard Blocks/Block_10/Frames/AG3.PNG
block-10-mini-4.webp	Afterglow Storyboard Blocks/Block_10/Frames/AG4.PNG
block-11-mini-1.webp	Afterglow Storyboard Blocks/Block_11/Frames/AG1.png
block-11-mini-2.webp	Afterglow Storyboard Blocks/Block_11/Frames/AG2.PNG
block-11-mini-3.webp	Afterglow Storyboard Blocks/Block_11/Frames/AG3.PNG
block-11-mini-4.webp	Afterglow Storyboard Blocks/Block_11/Frames/AG4.PNG
block-12-mini-1.webp	Afterglow Storyboard Blocks/Block_12/Frames/AG1.png
block-12-mini-2.webp	Afterglow Storyboard Blocks/Block_12/Frames/AG2.PNG
block-12-mini-3.webp	Afterglow Storyboard Blocks/Block_12/Frames/AG3.PNG
block-12-mini-4.webp	Afterglow Storyboard Blocks/Block_12/Frames/AG4.PNG
block-13-mini-1.webp	Afterglow Storyboard Blocks/Block_13/Frames/AG1.png
block-13-mini-2.webp	Afterglow Storyboard Blocks/Block_13/Frames/AG2.PNG
block-13-mini-3.webp	Afterglow Storyboard Blocks/Block_13/Frames/AG3.PNG
block-13-mini-4.webp	Afterglow Storyboard Blocks/Block_13/Frames/AG4.PNG
block-14-mini-1.webp	Afterglow Storyboard Blocks/Block_14/Frames/AG1.png
block-14-mini-2.webp	Afterglow Storyboard Blocks/Block_14/Frames/AG2.PNG
block-14-mini-3.webp	Afterglow Storyboard Blocks/Block_14/Frames/AG3.PNG
block-14-mini-4.webp	Afterglow Storyboard Blocks/Block_14/Frames/AG4.PNG
block-15-mini-1.webp	Afterglow Storyboard Blocks/Block_15/Frames/AG1.png
block-15-mini-2.webp	Afterglow Storyboard Blocks/Block_15/Frames/AG2.PNG
block-15-mini-3.webp	Afterglow Storyboard Blocks/Block_15/Frames/AG3.PNG
block-15-mini-4.webp	Afterglow Storyboard Blocks/Block_15/Frames/AG4.PNG
block-16-mini-1.webp	Afterglow Storyboard Blocks/Block_16/Frames/AG1.png
block-16-mini-2.webp	Afterglow Storyboard Blocks/Block_16/Frames/AG2.PNG
block-16-mini-3.webp	Afterglow Storyboard Blocks/Block_16/Frames/AG3.PNG
block-16-mini-4.webp	Afterglow Storyboard Blocks/Block_16/Frames/AG4.PNG
block-17-mini-1.webp	Afterglow Storyboard Blocks/Block_17/Frames/AG1.png
block-17-mini-2.webp	Afterglow Storyboard Blocks/Block_17/Frames/AG2.PNG
block-17-mini-3.webp	Afterglow Storyboard Blocks/Block_17/Frames/AG3.PNG
block-17-mini-4.webp	Afterglow Storyboard Blocks/Block_17/Frames/AG4.PNG
block-18-mini-1.webp	Afterglow Storyboard Blocks/Block_18/Frames/AG1.png
block-18-mini-2.webp	Afterglow Storyboard Blocks/Block_18/Frames/AG2.PNG
block-18-mini-3.webp	Afterglow Storyboard Blocks/Block_18/Frames/AG3.PNG
block-18-mini-4.webp	Afterglow Storyboard Blocks/Block_18/Frames/AG4.PNG
block-19-mini-1.webp	Afterglow Storyboard Blocks/Block_19/Frames/AG1.png
block-19-mini-2.webp	Afterglow Storyboard Blocks/Block_19/Frames/AG2.PNG
block-19-mini-3.webp	Afterglow Storyboard Blocks/Block_19/Frames/AG3.PNG
block-19-mini-4.webp	Afterglow Storyboard Blocks/Block_19/Frames/AG4.PNG
block-20-mini-1.webp	Afterglow Storyboard Blocks/Block_20/Frames/AG1.png
block-20-mini-2.webp	Afterglow Storyboard Blocks/Block_20/Frames/AG2.PNG
block-20-mini-3.webp	Afterglow Storyboard Blocks/Block_20/Frames/AG3.PNG
block-20-mini-4.webp	Afterglow Storyboard Blocks/Block_20/Frames/AG4.PNG
block-21-mini-1.webp	Afterglow Storyboard Blocks/Block_21/Frames/AG1.png
block-21-mini-2.webp	Afterglow Storyboard Blocks/Block_21/Frames/AG2.PNG
block-21-mini-3.webp	Afterglow Storyboard Blocks/Block_21/Frames/AG3.PNG
block-21-mini-4.webp	Afterglow Storyboard Blocks/Block_21/Frames/AG4.PNG
block-22-mini-1.svg	PlotPickle replacement concept from complete Afterglow v9 ending	CC BY-SA 4.0
block-22-mini-2.svg	PlotPickle replacement concept from complete Afterglow v9 ending	CC BY-SA 4.0
block-22-mini-3.svg	PlotPickle replacement concept from complete Afterglow v9 ending	CC BY-SA 4.0
block-22-mini-4.svg	PlotPickle replacement concept from complete Afterglow v9 ending	CC BY-SA 4.0
block-23-mini-1.svg	PlotPickle replacement concept from complete Afterglow v9 ending	CC BY-SA 4.0
block-23-mini-2.svg	PlotPickle replacement concept from complete Afterglow v9 ending	CC BY-SA 4.0
block-23-mini-3.svg	PlotPickle replacement concept from complete Afterglow v9 ending	CC BY-SA 4.0
block-23-mini-4.svg	PlotPickle replacement concept from complete Afterglow v9 ending	CC BY-SA 4.0
block-24-mini-1.svg	PlotPickle replacement concept from complete Afterglow v9 ending	CC BY-SA 4.0
block-24-mini-2.svg	PlotPickle replacement concept from complete Afterglow v9 ending	CC BY-SA 4.0
block-24-mini-3.svg	PlotPickle replacement concept from complete Afterglow v9 ending	CC BY-SA 4.0
block-24-mini-4.svg	PlotPickle replacement concept from complete Afterglow v9 ending	CC BY-SA 4.0
